Customer_ID,Customer_Name,Age,Gender,City,State,Registration_Date
C001,Ananya Nair,38,Female,Alappuzha,Kerala,2025-09-20
C002,Diya Das,32,Male,Kollam,Kerala,2025-11-15
C003,Meera Paul,44,Male,Guwahati,Assam,2025-10-08
C004,Aisha Shah,55,Female,Indore,Madhya Pradesh,2025-01-02
C005,Sneha Fernandez,25,Female,Kannur,Kerala,2025-02-20
C006,Aaradhya Pillai,18,Male,Lucknow,Uttar Pradesh,2025-12-17
C007,Nandini Nambiar,38,Female,Indore,Madhya Pradesh,2025-05-09
C008,Ishita Raj,40,Male,New Delhi,Delhi,2025-09-20
C009,Kavya Bose,39,Female,Kottayam,Kerala,2025-10-03
C010,Riya Khan,36,Female,Nagpur,Maharashtra,2025-11-27
C011,Neha Varma,19,Male,Hyderabad,Telangana,2025-07-08
C012,Pooja Iyer,47,Female,Jaipur,Rajasthan,2025-07-24
C013,Shreya Reddy,49,Male,Guwahati,Assam,2025-08-06
C014,Keerthi Menon,49,Female,Patna,Bihar,2025-09-26
C015,Lakshmi Krishnan,44,Female,Mumbai,Maharashtra,2025-09-03
C016,Amrutha Ali,51,Male,Patna,Bihar,2025-10-22
C017,Devika Kaur,26,Male,Coimbatore,Tamil Nadu,2025-12-27
C018,Parvathy DSouza,24,Female,Ranchi,Jharkhand,2025-08-08
C019,Athira Rao,27,Female,Bhopal,Madhya Pradesh,2025-04-28
C020,Gopika George,47,Female,Alappuzha,Kerala,2025-10-07
C021,Nimisha Verma,53,Female,Mumbai,Maharashtra,2025-06-07
C022,Fathima Singh,50,Female,Guwahati,Assam,2025-07-25
C023,Hiba Thomas,30,Female,Bhubaneswar,Odisha,2025-05-18
C024,Sana Kumar,20,Female,Kochi,Kerala,2025-11-02
C025,Maya Mathew,51,Male,Chandigarh,Chandigarh,2025-07-04
C026,Anjali Mishra,34,Female,Mangaluru,Karnataka,2025-08-27
C027,Aparna Sharma,49,Male,Patna,Bihar,2025-10-13
C028,Swetha Joseph,36,Female,Kozhikode,Kerala,2025-02-20
C029,Sreelakshmi Rahman,50,Female,Lucknow,Uttar Pradesh,2025-04-04
C030,Malavika Patel,48,Male,Bhubaneswar,Odisha,2025-11-29
C031,Navya Nair,49,Female,Pune,Maharashtra,2025-04-10
C032,Nivedita Das,27,Female,Kolkata,West Bengal,2025-01-08
C033,Haritha Paul,18,Female,Kannur,Kerala,2025-10-07
C034,Anusree Shah,30,Female,Kannur,Kerala,2025-11-14
C035,Saniya Fernandez,52,Male,Kozhikode,Kerala,2025-12-09
C036,Amina Pillai,27,Female,New Delhi,Delhi,2025-12-07
C037,Zoya Nambiar,26,Female,Indore,Madhya Pradesh,2025-08-31
C038,Ira Raj,50,Female,Palakkad,Kerala,2025-08-02
C039,Tanya Bose,26,Male,Bengaluru,Karnataka,2025-10-28
C040,Priya Khan,50,Female,Hyderabad,Telangana,2025-03-18
C041,Roshni Varma,30,Female,Ranchi,Jharkhand,2025-02-24
C042,Reshma Iyer,22,Female,Ahmedabad,Gujarat,2025-06-27
C043,Radhika Reddy,19,Female,New Delhi,Delhi,2025-09-01
C044,Divya Menon,37,Female,Vijayawada,Andhra Pradesh,2025-03-04
C045,Vandana Krishnan,47,Female,Indore,Madhya Pradesh,2025-03-29
C046,Bhavana Ali,55,Female,Malappuram,Kerala,2025-08-11
C047,Tanvi Kaur,47,Female,Visakhapatnam,Andhra Pradesh,2025-12-14
C048,Simran DSouza,53,Female,Kottayam,Kerala,2025-04-11
C049,Kritika Rao,20,Female,Mysuru,Karnataka,2025-01-25
C050,Nisha George,30,Female,Lucknow,Uttar Pradesh,2025-12-14
C051,Rahul Verma,26,Female,Thiruvananthapuram,Kerala,2025-04-22
C052,Arjun Singh,26,Female,Ranchi,Jharkhand,2025-04-06
C053,Adithya Thomas,35,Female,Ahmedabad,Gujarat,2025-08-01
C054,Vishnu Kumar,42,Female,Kannur,Kerala,2025-06-26
C055,Abhinav Mathew,34,Female,Mysuru,Karnataka,2025-08-01
C056,Rohan Mishra,47,Female,Nagpur,Maharashtra,2025-09-23
C057,Akhil Sharma,46,Female,Bhopal,Madhya Pradesh,2025-09-26
C058,Nikhil Joseph,24,Male,Pune,Maharashtra,2025-04-29
C059,Siddharth Rahman,23,Male,Kochi,Kerala,2025-11-27
C060,Kiran Patel,44,Female,Visakhapatnam,Andhra Pradesh,2025-12-10
C061,Varun Nair,19,Female,Mysuru,Karnataka,2025-03-22
C062,Aman Das,53,Female,New Delhi,Delhi,2025-10-03
C063,Harsh Paul,25,Female,Chennai,Tamil Nadu,2025-05-24
C064,Yash Shah,54,Female,Guwahati,Assam,2025-10-19
C065,Rohit Fernandez,54,Female,Nagpur,Maharashtra,2025-10-12
C066,Ayaan Pillai,24,Male,Palakkad,Kerala,2025-02-19
C067,Kabir Nambiar,28,Female,Bhubaneswar,Odisha,2025-01-31
C068,Dev Raj,29,Female,New Delhi,Delhi,2025-02-24
C069,Manu Bose,38,Female,Patna,Bihar,2025-02-02
C070,Joel Khan,38,Female,Nagpur,Maharashtra,2025-05-12
C071,Alan Varma,18,Female,Kottayam,Kerala,2025-05-12
C072,Kevin Iyer,18,Female,Kolkata,West Bengal,2025-05-01
C073,George Reddy,37,Female,Thiruvananthapuram,Kerala,2025-12-18
C074,Jithin Menon,54,Non-binary,Guwahati,Assam,2025-06-29
C075,Sanjay Krishnan,47,Female,Vijayawada,Andhra Pradesh,2025-12-02
C076,Sreehari Ali,43,Female,Kozhikode,Kerala,2025-04-21
C077,Ashwin Kaur,45,Non-binary,Chandigarh,Chandigarh,2025-03-03
C078,Naveen DSouza,50,Female,Jaipur,Rajasthan,2025-05-09
C079,Vivek Rao,36,Male,Ahmedabad,Gujarat,2025-07-02
C080,Aravind George,45,Male,Thrissur,Kerala,2025-05-25
C081,Midhun Verma,36,Female,Visakhapatnam,Andhra Pradesh,2025-03-04
C082,Roshan Singh,44,Female,Hyderabad,Telangana,2025-01-11
C083,Abhishek Thomas,39,Female,Dehradun,Uttarakhand,2025-01-29
C084,Deepak Kumar,28,Female,Alappuzha,Kerala,2025-03-02
C085,Akshay Mathew,26,Female,Kozhikode,Kerala,2025-11-02
C086,Ajay Mishra,19,Female,Hyderabad,Telangana,2025-03-06
C087,Pranav Sharma,44,Female,New Delhi,Delhi,2025-05-03
C088,Saurav Joseph,32,Male,Kolkata,West Bengal,2025-04-04
C089,Suraj Rahman,19,Female,Dehradun,Uttarakhand,2025-10-05
C090,Vimal Patel,43,Male,Guwahati,Assam,2025-03-17
C091,Vineeth Nair,19,Female,Coimbatore,Tamil Nadu,2025-10-05
C092,Rakesh Das,44,Female,Bhopal,Madhya Pradesh,2025-06-11
C093,Suresh Paul,55,Female,Palakkad,Kerala,2025-04-02
C094,Anu Shah,20,Female,Guwahati,Assam,2025-09-21
C095,Maria Fernandez,39,Female,Mumbai,Maharashtra,2025-06-12
C096,Sara Pillai,18,Female,Thrissur,Kerala,2025-05-05
C097,Leena Nambiar,21,Non-binary,Bhopal,Madhya Pradesh,2025-12-14
C098,Nadia Raj,27,Male,Patna,Bihar,2025-07-24
C099,Farah Bose,32,Female,Jaipur,Rajasthan,2025-05-22
C100,Ishaan Khan,30,Female,Visakhapatnam,Andhra Pradesh,2025-08-24
C101,Ananya A. Varma,53,Male,Chandigarh,Chandigarh,2025-12-11
C102,Diya A. Iyer,30,Female,Hyderabad,Telangana,2025-07-30
C103,Meera A. Reddy,49,Male,Malappuram,Kerala,2025-07-01
C104,Aisha A. Menon,44,Male,Ranchi,Jharkhand,2025-11-24
C105,Sneha A. Krishnan,23,Female,Mysuru,Karnataka,2025-10-07
C106,Aaradhya A. Ali,26,Female,Mumbai,Maharashtra,2025-02-21
C107,Nandini A. Kaur,52,Female,Thiruvananthapuram,Kerala,2025-12-23
C108,Ishita A. DSouza,54,Female,Hyderabad,Telangana,2025-07-21
C109,Kavya A. Rao,52,Male,Ahmedabad,Gujarat,2025-09-22
C110,Riya A. George,50,Female,Bengaluru,Karnataka,2025-03-14
C111,Neha A. Verma,39,Female,Ahmedabad,Gujarat,2025-06-08
C112,Pooja A. Singh,55,Female,Kozhikode,Kerala,2025-04-08
C113,Shreya A. Thomas,36,Female,Bengaluru,Karnataka,2025-05-27
C114,Keerthi A. Kumar,26,Non-binary,New Delhi,Delhi,2025-04-07
C115,Lakshmi A. Mathew,48,Male,Kochi,Kerala,2025-07-02
C116,Amrutha A. Mishra,28,Female,Dehradun,Uttarakhand,2025-01-16
C117,Devika A. Sharma,38,Female,Mysuru,Karnataka,2025-03-25
C118,Parvathy A. Joseph,25,Female,Thiruvananthapuram,Kerala,2025-12-27
C119,Athira A. Rahman,41,Female,Kochi,Kerala,2025-06-04
C120,Gopika A. Patel,52,Female,Chennai,Tamil Nadu,2025-11-09
C121,Nimisha A. Nair,26,Female,Madurai,Tamil Nadu,2025-06-17
C122,Fathima A. Das,24,Male,Indore,Madhya Pradesh,2025-02-07
C123,Hiba A. Paul,34,Female,Ahmedabad,Gujarat,2025-11-28
C124,Sana A. Shah,40,Female,Alappuzha,Kerala,2025-09-13
C125,Maya A. Fernandez,53,Female,Alappuzha,Kerala,2025-07-03
C126,Anjali A. Pillai,55,Female,Chandigarh,Chandigarh,2025-02-05
C127,Aparna A. Nambiar,49,Male,Kannur,Kerala,2025-05-16
C128,Swetha A. Raj,28,Female,Coimbatore,Tamil Nadu,2025-09-17
C129,Sreelakshmi A. Bose,39,Female,Guwahati,Assam,2025-12-03
C130,Malavika A. Khan,43,Female,Indore,Madhya Pradesh,2025-04-11
C131,Navya A. Varma,32,Male,Chandigarh,Chandigarh,2025-06-28
C132,Nivedita A. Iyer,44,Male,New Delhi,Delhi,2025-10-30
C133,Haritha A. Reddy,31,Female,Ahmedabad,Gujarat,2025-10-18
C134,Anusree A. Menon,45,Female,Palakkad,Kerala,2025-03-02
C135,Saniya A. Krishnan,35,Male,Vijayawada,Andhra Pradesh,2025-08-16
C136,Amina A. Ali,27,Female,Mumbai,Maharashtra,2025-05-18
C137,Zoya A. Kaur,39,Non-binary,Coimbatore,Tamil Nadu,2025-10-15
C138,Ira A. DSouza,35,Female,Alappuzha,Kerala,2025-08-23
C139,Tanya A. Rao,43,Female,Surat,Gujarat,2025-06-18
C140,Priya A. George,39,Female,Kolkata,West Bengal,2025-09-11
C141,Roshni A. Verma,51,Female,Dehradun,Uttarakhand,2025-06-30
C142,Reshma A. Singh,21,Male,Visakhapatnam,Andhra Pradesh,2025-03-30
C143,Radhika A. Thomas,35,Female,Kochi,Kerala,2025-05-10
C144,Divya A. Kumar,39,Female,Palakkad,Kerala,2025-11-10
C145,Vandana A. Mathew,48,Male,Kolkata,West Bengal,2025-09-05
C146,Bhavana A. Mishra,18,Female,Visakhapatnam,Andhra Pradesh,2025-04-23
C147,Tanvi A. Sharma,35,Female,Alappuzha,Kerala,2025-04-18
C148,Simran A. Joseph,50,Female,Chandigarh,Chandigarh,2025-11-19
C149,Kritika A. Rahman,23,Female,Jaipur,Rajasthan,2025-04-07
C150,Nisha A. Patel,18,Non-binary,Dehradun,Uttarakhand,2025-03-21
C151,Rahul A. Nair,32,Male,Visakhapatnam,Andhra Pradesh,2025-04-16
C152,Arjun A. Das,37,Female,Bengaluru,Karnataka,2025-08-02
C153,Adithya A. Paul,55,Female,Ranchi,Jharkhand,2025-02-25
C154,Vishnu A. Shah,35,Male,Thiruvananthapuram,Kerala,2025-01-23
C155,Abhinav A. Fernandez,53,Female,Mysuru,Karnataka,2025-04-29
C156,Rohan A. Pillai,39,Female,Bhopal,Madhya Pradesh,2025-06-12
C157,Akhil A. Nambiar,34,Female,Bhopal,Madhya Pradesh,2025-06-17
C158,Nikhil A. Raj,20,Female,Mumbai,Maharashtra,2025-03-10
C159,Siddharth A. Bose,48,Male,Thiruvananthapuram,Kerala,2025-05-10
C160,Kiran A. Khan,30,Female,Chandigarh,Chandigarh,2025-09-20
C161,Varun A. Varma,37,Female,Surat,Gujarat,2025-01-28
C162,Aman A. Iyer,22,Female,Kolkata,West Bengal,2025-11-27
C163,Harsh A. Reddy,52,Male,Patna,Bihar,2025-06-02
C164,Yash A. Menon,23,Male,Bhopal,Madhya Pradesh,2025-09-25
C165,Rohit A. Krishnan,49,Female,Vijayawada,Andhra Pradesh,2025-06-23
C166,Ayaan A. Ali,29,Female,Jaipur,Rajasthan,2025-10-15
C167,Kabir A. Kaur,34,Male,Mysuru,Karnataka,2025-09-28
C168,Dev A. DSouza,42,Female,Ranchi,Jharkhand,2025-11-08
C169,Manu A. Rao,19,Female,Chennai,Tamil Nadu,2025-04-18
C170,Joel A. George,50,Male,Bhubaneswar,Odisha,2025-03-06
C171,Alan A. Verma,31,Male,Patna,Bihar,2025-05-19
C172,Kevin A. Singh,26,Female,Indore,Madhya Pradesh,2025-06-16
C173,George A. Thomas,43,Female,Jaipur,Rajasthan,2025-10-04
C174,Jithin A. Kumar,27,Female,Mangaluru,Karnataka,2025-12-27
C175,Sanjay A. Mathew,27,Female,Malappuram,Kerala,2025-12-03
C176,Sreehari A. Mishra,20,Female,Thrissur,Kerala,2025-06-03
C177,Ashwin A. Sharma,26,Female,Mysuru,Karnataka,2025-10-04
C178,Naveen A. Joseph,26,Female,New Delhi,Delhi,2025-04-06
C179,Vivek A. Rahman,29,Female,Thrissur,Kerala,2025-07-31
C180,Aravind A. Patel,52,Male,Indore,Madhya Pradesh,2025-06-03
C181,Midhun A. Nair,50,Female,Coimbatore,Tamil Nadu,2025-10-05
C182,Roshan A. Das,47,Female,Kannur,Kerala,2025-07-28
C183,Abhishek A. Paul,38,Female,Malappuram,Kerala,2025-09-18
C184,Deepak A. Shah,48,Female,Kozhikode,Kerala,2025-02-18
C185,Akshay A. Fernandez,55,Male,New Delhi,Delhi,2025-12-24
C186,Ajay A. Pillai,39,Male,Mumbai,Maharashtra,2025-03-25
C187,Pranav A. Nambiar,30,Male,Patna,Bihar,2025-02-16
C188,Saurav A. Raj,45,Female,Bhubaneswar,Odisha,2025-03-29
C189,Suraj A. Bose,32,Female,Madurai,Tamil Nadu,2025-09-11
C190,Vimal A. Khan,41,Female,Chennai,Tamil Nadu,2025-08-05
C191,Vineeth A. Varma,47,Male,Bhubaneswar,Odisha,2025-12-27
C192,Rakesh A. Iyer,37,Female,Chennai,Tamil Nadu,2025-08-14
C193,Suresh A. Reddy,48,Female,Guwahati,Assam,2025-04-19
C194,Anu A. Menon,25,Male,Mangaluru,Karnataka,2025-07-01
C195,Maria A. Krishnan,25,Female,Bengaluru,Karnataka,2025-11-25
C196,Sara A. Ali,30,Male,Bhubaneswar,Odisha,2025-08-08
C197,Leena A. Kaur,53,Non-binary,Thiruvananthapuram,Kerala,2025-11-28
C198,Nadia A. DSouza,36,Female,Pune,Maharashtra,2025-07-23
C199,Farah A. Rao,48,Female,Kochi,Kerala,2025-05-20
C200,Ishaan A. George,49,Non-binary,New Delhi,Delhi,2025-02-25
C201,Ananya B. Verma,53,Female,Malappuram,Kerala,2025-07-03
C202,Diya B. Singh,42,Female,Chandigarh,Chandigarh,2025-10-31
C203,Meera B. Thomas,53,Female,Thrissur,Kerala,2025-05-11
C204,Aisha B. Kumar,47,Female,Kannur,Kerala,2025-10-07
C205,Sneha B. Mathew,51,Male,Ranchi,Jharkhand,2025-05-22
C206,Aaradhya B. Mishra,20,Female,Nagpur,Maharashtra,2025-01-22
C207,Nandini B. Sharma,51,Male,Kottayam,Kerala,2025-10-16
C208,Ishita B. Joseph,42,Male,Kollam,Kerala,2025-10-22
C209,Kavya B. Rahman,48,Female,Chandigarh,Chandigarh,2025-03-20
C210,Riya B. Patel,26,Female,Vijayawada,Andhra Pradesh,2025-07-20
C211,Neha B. Nair,28,Female,Kannur,Kerala,2025-05-11
C212,Pooja B. Das,20,Female,Thiruvananthapuram,Kerala,2025-02-06
C213,Shreya B. Paul,25,Female,Ranchi,Jharkhand,2025-06-21
C214,Keerthi B. Shah,37,Male,Malappuram,Kerala,2025-05-04
C215,Lakshmi B. Fernandez,47,Female,Vijayawada,Andhra Pradesh,2025-07-24
C216,Amrutha B. Pillai,50,Male,Madurai,Tamil Nadu,2025-06-10
C217,Devika B. Nambiar,20,Female,Kolkata,West Bengal,2025-11-01
C218,Parvathy B. Raj,46,Female,Mysuru,Karnataka,2025-02-28
C219,Athira B. Bose,55,Female,Bhopal,Madhya Pradesh,2025-09-29
C220,Gopika B. Khan,49,Male,Thiruvananthapuram,Kerala,2025-07-16
C221,Nimisha B. Varma,51,Female,Kozhikode,Kerala,2025-03-13
C222,Fathima B. Iyer,33,Male,Nagpur,Maharashtra,2025-06-10
C223,Hiba B. Reddy,45,Male,Pune,Maharashtra,2025-10-25
C224,Sana B. Menon,40,Female,Thiruvananthapuram,Kerala,2025-09-24
C225,Maya B. Krishnan,51,Female,Bengaluru,Karnataka,2025-07-08
C226,Anjali B. Ali,55,Female,Chennai,Tamil Nadu,2025-03-29
C227,Aparna B. Kaur,43,Male,Chandigarh,Chandigarh,2025-02-24
C228,Swetha B. DSouza,43,Non-binary,Kolkata,West Bengal,2025-05-06
C229,Sreelakshmi B. Rao,21,Female,Mangaluru,Karnataka,2025-03-28
C230,Malavika B. George,35,Male,Ranchi,Jharkhand,2025-02-13
C231,Navya B. Verma,28,Male,Mumbai,Maharashtra,2025-01-19
C232,Nivedita B. Singh,53,Female,Chennai,Tamil Nadu,2025-08-18
C233,Haritha B. Thomas,20,Female,Guwahati,Assam,2025-12-22
C234,Anusree B. Kumar,50,Female,Chandigarh,Chandigarh,2025-01-18
C235,Saniya B. Mathew,48,Female,Mangaluru,Karnataka,2025-02-16
C236,Amina B. Mishra,22,Female,Bengaluru,Karnataka,2025-01-04
C237,Zoya B. Sharma,20,Female,Nagpur,Maharashtra,2025-05-13
C238,Ira B. Joseph,52,Female,Kottayam,Kerala,2025-11-22
C239,Tanya B. Rahman,55,Female,Ranchi,Jharkhand,2025-09-11
C240,Priya B. Patel,52,Female,Thrissur,Kerala,2025-10-02
C241,Roshni B. Nair,47,Female,Surat,Gujarat,2025-01-17
C242,Reshma B. Das,44,Female,Kochi,Kerala,2025-02-15
C243,Radhika B. Paul,29,Female,Lucknow,Uttar Pradesh,2025-03-26
C244,Divya B. Shah,30,Female,Guwahati,Assam,2025-06-22
C245,Vandana B. Fernandez,35,Non-binary,Surat,Gujarat,2025-12-02
C246,Bhavana B. Pillai,47,Female,Bengaluru,Karnataka,2025-06-26
C247,Tanvi B. Nambiar,26,Non-binary,Kottayam,Kerala,2025-10-18
C248,Simran B. Raj,33,Male,Ranchi,Jharkhand,2025-08-31
C249,Kritika B. Bose,38,Female,Malappuram,Kerala,2025-10-09
C250,Nisha B. Khan,26,Female,Alappuzha,Kerala,2025-07-14
C251,Rahul B. Varma,49,Female,Kannur,Kerala,2025-12-10
C252,Arjun B. Iyer,50,Male,Visakhapatnam,Andhra Pradesh,2025-02-12
C253,Adithya B. Reddy,34,Female,Thiruvananthapuram,Kerala,2025-07-13
C254,Vishnu B. Menon,37,Female,Madurai,Tamil Nadu,2025-10-23
C255,Abhinav B. Krishnan,37,Female,Mysuru,Karnataka,2025-01-06
C256,Rohan B. Ali,39,Male,Thiruvananthapuram,Kerala,2025-03-31
C257,Akhil B. Kaur,55,Female,Chandigarh,Chandigarh,2025-12-07
C258,Nikhil B. DSouza,28,Female,Bhopal,Madhya Pradesh,2025-09-15
C259,Siddharth B. Rao,25,Female,Bhopal,Madhya Pradesh,2025-01-03
C260,Kiran B. George,37,Female,Ranchi,Jharkhand,2025-05-10
C261,Varun B. Verma,46,Female,Thiruvananthapuram,Kerala,2025-03-19
C262,Aman B. Singh,18,Female,Ahmedabad,Gujarat,2025-03-04
C263,Harsh B. Thomas,32,Male,Kollam,Kerala,2025-08-16
C264,Yash B. Kumar,42,Male,Kottayam,Kerala,2025-08-13
C265,Rohit B. Mathew,37,Female,Lucknow,Uttar Pradesh,2025-11-15
C266,Ayaan B. Mishra,48,Female,Kolkata,West Bengal,2025-06-10
C267,Kabir B. Sharma,24,Female,Bengaluru,Karnataka,2025-01-16
C268,Dev B. Joseph,31,Non-binary,Chennai,Tamil Nadu,2025-05-31
C269,Manu B. Rahman,32,Male,Surat,Gujarat,2025-12-07
C270,Joel B. Patel,28,Male,Vijayawada,Andhra Pradesh,2025-04-28
C271,Alan B. Nair,26,Female,Ahmedabad,Gujarat,2025-11-27
C272,Kevin B. Das,43,Female,Dehradun,Uttarakhand,2025-10-09
C273,George B. Paul,52,Female,Hyderabad,Telangana,2025-07-13
C274,Jithin B. Shah,40,Male,Mumbai,Maharashtra,2025-08-20
C275,Sanjay B. Fernandez,29,Female,Madurai,Tamil Nadu,2025-01-20
C276,Sreehari B. Pillai,37,Female,Mangaluru,Karnataka,2025-08-09
C277,Ashwin B. Nambiar,46,Non-binary,Palakkad,Kerala,2025-11-22
C278,Naveen B. Raj,21,Female,Indore,Madhya Pradesh,2025-01-19
C279,Vivek B. Bose,39,Female,Patna,Bihar,2025-07-31
C280,Aravind B. Khan,52,Male,Coimbatore,Tamil Nadu,2025-09-19
C281,Midhun B. Varma,50,Female,Nagpur,Maharashtra,2025-06-29
C282,Roshan B. Iyer,51,Female,Ahmedabad,Gujarat,2025-08-04
C283,Abhishek B. Reddy,45,Female,Ranchi,Jharkhand,2025-07-06
C284,Deepak B. Menon,53,Female,Madurai,Tamil Nadu,2025-07-02
C285,Akshay B. Krishnan,24,Female,Thiruvananthapuram,Kerala,2025-03-31
C286,Ajay B. Ali,43,Female,Indore,Madhya Pradesh,2025-03-22
C287,Pranav B. Kaur,50,Female,Bhubaneswar,Odisha,2025-01-16
C288,Saurav B. DSouza,23,Non-binary,Dehradun,Uttarakhand,2025-03-01
C289,Suraj B. Rao,43,Female,Chennai,Tamil Nadu,2025-11-04
C290,Vimal B. George,51,Non-binary,New Delhi,Delhi,2025-11-17
C291,Vineeth B. Verma,44,Female,Kollam,Kerala,2025-06-09
C292,Rakesh B. Singh,24,Male,Kochi,Kerala,2025-06-24
C293,Suresh B. Thomas,47,Female,Malappuram,Kerala,2025-02-20
C294,Anu B. Kumar,30,Male,Kollam,Kerala,2025-10-11
C295,Maria B. Mathew,39,Female,Indore,Madhya Pradesh,2025-03-05
C296,Sara B. Mishra,40,Female,Kannur,Kerala,2025-08-16
C297,Leena B. Sharma,24,Male,Chandigarh,Chandigarh,2025-10-09
C298,Nadia B. Joseph,26,Female,Bhubaneswar,Odisha,2025-12-18
C299,Farah B. Rahman,45,Male,Chandigarh,Chandigarh,2025-02-02
C300,Ishaan B. Patel,49,Female,Lucknow,Uttar Pradesh,2025-09-01
C301,Ananya C. Nair,24,Non-binary,New Delhi,Delhi,2025-07-28
C302,Diya C. Das,45,Female,Mysuru,Karnataka,2025-05-11
C303,Meera C. Paul,51,Female,Dehradun,Uttarakhand,2025-02-25
C304,Aisha C. Shah,28,Female,New Delhi,Delhi,2025-03-14
C305,Sneha C. Fernandez,34,Male,Hyderabad,Telangana,2025-08-11
C306,Aaradhya C. Pillai,32,Female,Kollam,Kerala,2025-02-08
C307,Nandini C. Nambiar,23,Female,Kolkata,West Bengal,2025-11-13
C308,Ishita C. Raj,38,Female,Mumbai,Maharashtra,2025-11-11
C309,Kavya C. Bose,32,Female,Hyderabad,Telangana,2025-11-06
C310,Riya C. Khan,29,Female,Ranchi,Jharkhand,2025-05-10
C311,Neha C. Varma,53,Female,Kozhikode,Kerala,2025-09-27
C312,Pooja C. Iyer,36,Female,Chandigarh,Chandigarh,2025-05-14
C313,Shreya C. Reddy,55,Female,Chennai,Tamil Nadu,2025-07-03
C314,Keerthi C. Menon,37,Male,Ranchi,Jharkhand,2025-06-09
C315,Lakshmi C. Krishnan,33,Female,Alappuzha,Kerala,2025-04-12
C316,Amrutha C. Ali,38,Female,Visakhapatnam,Andhra Pradesh,2025-11-23
C317,Devika C. Kaur,39,Female,Alappuzha,Kerala,2025-08-06
C318,Parvathy C. DSouza,42,Female,Chandigarh,Chandigarh,2025-07-10
C319,Athira C. Rao,46,Female,Bhubaneswar,Odisha,2025-10-19
C320,Gopika C. George,40,Female,Ahmedabad,Gujarat,2025-07-02
C321,Nimisha C. Verma,40,Male,Ahmedabad,Gujarat,2025-09-03
C322,Fathima C. Singh,41,Female,Kochi,Kerala,2025-01-23
C323,Hiba C. Thomas,36,Female,Thiruvananthapuram,Kerala,2025-10-06
C324,Sana C. Kumar,25,Male,Thrissur,Kerala,2025-08-10
C325,Maya C. Mathew,42,Female,Mumbai,Maharashtra,2025-12-30
C326,Anjali C. Mishra,18,Female,Mumbai,Maharashtra,2025-01-30
C327,Aparna C. Sharma,32,Female,Kottayam,Kerala,2025-12-29
C328,Swetha C. Joseph,52,Female,Jaipur,Rajasthan,2025-12-13
C329,Sreelakshmi C. Rahman,51,Female,Dehradun,Uttarakhand,2025-01-28
C330,Malavika C. Patel,26,Female,Nagpur,Maharashtra,2025-08-03
C331,Navya C. Nair,25,Female,Coimbatore,Tamil Nadu,2025-02-04
C332,Nivedita C. Das,22,Non-binary,Kollam,Kerala,2025-07-18
C333,Haritha C. Paul,26,Female,Kozhikode,Kerala,2025-10-15
C334,Anusree C. Shah,36,Female,Thiruvananthapuram,Kerala,2025-07-09
C335,Saniya C. Fernandez,46,Female,Guwahati,Assam,2025-01-27
C336,Amina C. Pillai,37,Female,Kolkata,West Bengal,2025-11-24
C337,Zoya C. Nambiar,28,Female,Dehradun,Uttarakhand,2025-01-25
C338,Ira C. Raj,47,Male,Kottayam,Kerala,2025-07-31
C339,Tanya C. Bose,46,Female,Bhopal,Madhya Pradesh,2025-03-17
C340,Priya C. Khan,36,Male,Kochi,Kerala,2025-02-18
C341,Roshni C. Varma,45,Female,Palakkad,Kerala,2025-08-25
C342,Reshma C. Iyer,27,Female,Ranchi,Jharkhand,2025-03-23
C343,Radhika C. Reddy,19,Male,Nagpur,Maharashtra,2025-04-09
C344,Divya C. Menon,42,Female,Chandigarh,Chandigarh,2025-07-20
C345,Vandana C. Krishnan,18,Female,Kottayam,Kerala,2025-12-10
C346,Bhavana C. Ali,35,Female,Kannur,Kerala,2025-04-10
C347,Tanvi C. Kaur,34,Female,Visakhapatnam,Andhra Pradesh,2025-10-03
C348,Simran C. DSouza,25,Male,Guwahati,Assam,2025-02-07
C349,Kritika C. Rao,47,Female,Coimbatore,Tamil Nadu,2025-03-12
C350,Nisha C. George,27,Female,Bengaluru,Karnataka,2025-05-10
C351,Rahul C. Verma,42,Female,Alappuzha,Kerala,2025-11-28
C352,Arjun C. Singh,41,Female,Bhopal,Madhya Pradesh,2025-04-02
C353,Adithya C. Thomas,48,Female,Jaipur,Rajasthan,2025-11-24
C354,Vishnu C. Kumar,36,Male,Palakkad,Kerala,2025-10-01
C355,Abhinav C. Mathew,53,Female,Thrissur,Kerala,2025-04-26
C356,Rohan C. Mishra,48,Female,Pune,Maharashtra,2025-01-18
C357,Akhil C. Sharma,27,Female,Hyderabad,Telangana,2025-07-21
C358,Nikhil C. Joseph,31,Female,Kollam,Kerala,2025-05-13
C359,Siddharth C. Rahman,22,Female,Kolkata,West Bengal,2025-05-26
C360,Kiran C. Patel,26,Non-binary,Hyderabad,Telangana,2025-12-26
C361,Varun C. Nair,22,Female,Thrissur,Kerala,2025-08-11
C362,Aman C. Das,30,Female,Kannur,Kerala,2025-10-04
C363,Harsh C. Paul,19,Non-binary,Kochi,Kerala,2025-04-14
C364,Yash C. Shah,38,Female,Thiruvananthapuram,Kerala,2025-09-13
C365,Rohit C. Fernandez,44,Female,Ranchi,Jharkhand,2025-10-04
C366,Ayaan C. Pillai,20,Female,Coimbatore,Tamil Nadu,2025-12-13
C367,Kabir C. Nambiar,49,Female,Indore,Madhya Pradesh,2025-02-01
C368,Dev C. Raj,41,Female,Visakhapatnam,Andhra Pradesh,2025-05-11
C369,Manu C. Bose,51,Female,Guwahati,Assam,2025-07-26
C370,Joel C. Khan,23,Female,Dehradun,Uttarakhand,2025-01-11
C371,Alan C. Varma,47,Male,Bhubaneswar,Odisha,2025-01-27
C372,Kevin C. Iyer,48,Female,Kozhikode,Kerala,2025-12-04
C373,George C. Reddy,43,Female,Bhopal,Madhya Pradesh,2025-11-27
C374,Jithin C. Menon,25,Female,New Delhi,Delhi,2025-05-05
C375,Sanjay C. Krishnan,32,Female,Bhubaneswar,Odisha,2025-05-23
C376,Sreehari C. Ali,47,Male,Chennai,Tamil Nadu,2025-01-05
C377,Ashwin C. Kaur,20,Female,Alappuzha,Kerala,2025-09-28
C378,Naveen C. DSouza,40,Female,Bhopal,Madhya Pradesh,2025-11-26
C379,Vivek C. Rao,30,Female,Palakkad,Kerala,2025-06-04
C380,Aravind C. George,37,Male,Mysuru,Karnataka,2025-05-27
C381,Midhun C. Verma,45,Female,Bhubaneswar,Odisha,2025-04-13
C382,Roshan C. Singh,43,Female,Kannur,Kerala,2025-07-08
C383,Abhishek C. Thomas,52,Female,Chennai,Tamil Nadu,2025-10-21
C384,Deepak C. Kumar,34,Male,Indore,Madhya Pradesh,2025-05-03
C385,Akshay C. Mathew,53,Female,Visakhapatnam,Andhra Pradesh,2025-04-10
C386,Ajay C. Mishra,29,Female,Pune,Maharashtra,2025-04-01
C387,Pranav C. Sharma,32,Male,Coimbatore,Tamil Nadu,2025-11-15
C388,Saurav C. Joseph,47,Male,Kolkata,West Bengal,2025-01-22
C389,Suraj C. Rahman,36,Female,Pune,Maharashtra,2025-11-19
C390,Vimal C. Patel,35,Male,Kozhikode,Kerala,2025-08-26
C391,Vineeth C. Nair,22,Male,Visakhapatnam,Andhra Pradesh,2025-09-26
C392,Rakesh C. Das,45,Female,Patna,Bihar,2025-08-03
C393,Suresh C. Paul,25,Female,Kannur,Kerala,2025-05-24
C394,Anu C. Shah,21,Female,Alappuzha,Kerala,2025-03-08
C395,Maria C. Fernandez,38,Male,Madurai,Tamil Nadu,2025-06-12
C396,Sara C. Pillai,34,Female,Coimbatore,Tamil Nadu,2025-05-19
C397,Leena C. Nambiar,36,Male,Kochi,Kerala,2025-10-17
C398,Nadia C. Raj,48,Female,Pune,Maharashtra,2025-09-23
C399,Farah C. Bose,53,Female,Kottayam,Kerala,2025-05-17
C400,Ishaan C. Khan,18,Female,Surat,Gujarat,2025-02-17
C401,Ananya D. Varma,43,Male,Jaipur,Rajasthan,2025-12-20
C402,Diya D. Iyer,53,Female,Kochi,Kerala,2025-01-29
C403,Meera D. Reddy,20,Female,Thiruvananthapuram,Kerala,2025-11-21
C404,Aisha D. Menon,19,Female,Palakkad,Kerala,2025-01-27
C405,Sneha D. Krishnan,55,Male,Thiruvananthapuram,Kerala,2025-08-16
C406,Aaradhya D. Ali,30,Male,Thrissur,Kerala,2025-11-01
C407,Nandini D. Kaur,49,Female,Malappuram,Kerala,2025-04-23
C408,Ishita D. DSouza,41,Female,Kozhikode,Kerala,2025-04-13
C409,Kavya D. Rao,37,Female,Kozhikode,Kerala,2025-09-15
C410,Riya D. George,46,Female,Bhopal,Madhya Pradesh,2025-12-22
C411,Neha D. Verma,44,Male,Kollam,Kerala,2025-07-24
C412,Pooja D. Singh,24,Female,Kottayam,Kerala,2025-05-03
C413,Shreya D. Thomas,23,Female,New Delhi,Delhi,2025-04-06
C414,Keerthi D. Kumar,33,Female,Thiruvananthapuram,Kerala,2025-01-20
C415,Lakshmi D. Mathew,37,Female,Thrissur,Kerala,2025-04-16
C416,Amrutha D. Mishra,18,Female,Kochi,Kerala,2025-07-19
C417,Devika D. Sharma,46,Male,Mangaluru,Karnataka,2025-08-09
C418,Parvathy D. Joseph,24,Female,Indore,Madhya Pradesh,2025-06-29
C419,Athira D. Rahman,55,Female,Mysuru,Karnataka,2025-01-23
C420,Gopika D. Patel,26,Female,Kannur,Kerala,2025-01-22
C421,Nimisha D. Nair,23,Male,Patna,Bihar,2025-11-05
C422,Fathima D. Das,48,Female,Lucknow,Uttar Pradesh,2025-06-23
C423,Hiba D. Paul,29,Female,Indore,Madhya Pradesh,2025-11-13
C424,Sana D. Shah,31,Female,Bengaluru,Karnataka,2025-09-18
C425,Maya D. Fernandez,30,Female,Kottayam,Kerala,2025-02-01
C426,Anjali D. Pillai,49,Female,Palakkad,Kerala,2025-02-21
C427,Aparna D. Nambiar,44,Female,Patna,Bihar,2025-10-13
C428,Swetha D. Raj,26,Male,Alappuzha,Kerala,2025-11-01
C429,Sreelakshmi D. Bose,36,Non-binary,Kollam,Kerala,2025-01-12
C430,Malavika D. Khan,48,Male,Surat,Gujarat,2025-06-10
C431,Navya D. Varma,52,Male,Mumbai,Maharashtra,2025-01-29
C432,Nivedita D. Iyer,43,Male,Bhubaneswar,Odisha,2025-04-28
C433,Haritha D. Reddy,24,Female,Visakhapatnam,Andhra Pradesh,2025-08-01
C434,Anusree D. Menon,27,Non-binary,Ranchi,Jharkhand,2025-06-12
C435,Saniya D. Krishnan,30,Female,Chandigarh,Chandigarh,2025-02-16
C436,Amina D. Ali,35,Female,Palakkad,Kerala,2025-12-17
C437,Zoya D. Kaur,42,Female,Bengaluru,Karnataka,2025-07-28
C438,Ira D. DSouza,27,Female,Surat,Gujarat,2025-03-29
C439,Tanya D. Rao,29,Female,Thiruvananthapuram,Kerala,2025-03-10
C440,Priya D. George,27,Female,Hyderabad,Telangana,2025-01-14
C441,Roshni D. Verma,26,Female,Nagpur,Maharashtra,2025-09-25
C442,Reshma D. Singh,47,Female,Coimbatore,Tamil Nadu,2025-01-13
C443,Radhika D. Thomas,20,Female,Jaipur,Rajasthan,2025-11-28
C444,Divya D. Kumar,52,Non-binary,Alappuzha,Kerala,2025-10-29
C445,Vandana D. Mathew,46,Female,Guwahati,Assam,2025-03-04
C446,Bhavana D. Mishra,25,Female,Vijayawada,Andhra Pradesh,2025-10-02
C447,Tanvi D. Sharma,24,Female,Thrissur,Kerala,2025-11-17
C448,Simran D. Joseph,39,Male,Malappuram,Kerala,2025-07-16
C449,Kritika D. Rahman,45,Female,Jaipur,Rajasthan,2025-04-10
C450,Nisha D. Patel,51,Male,Bhopal,Madhya Pradesh,2025-03-13
C451,Rahul D. Nair,43,Female,Chandigarh,Chandigarh,2025-11-26
C452,Arjun D. Das,26,Female,Patna,Bihar,2025-10-29
C453,Adithya D. Paul,24,Female,Surat,Gujarat,2025-04-08
C454,Vishnu D. Shah,40,Female,Ranchi,Jharkhand,2025-08-22
C455,Abhinav D. Fernandez,19,Female,Kozhikode,Kerala,2025-04-20
C456,Rohan D. Pillai,43,Non-binary,Dehradun,Uttarakhand,2025-12-20
C457,Akhil D. Nambiar,39,Female,Surat,Gujarat,2025-04-24
C458,Nikhil D. Raj,49,Female,Palakkad,Kerala,2025-07-22
C459,Siddharth D. Bose,38,Female,Vijayawada,Andhra Pradesh,2025-04-14
C460,Kiran D. Khan,25,Female,Jaipur,Rajasthan,2025-12-27
C461,Varun D. Varma,45,Female,Thrissur,Kerala,2025-09-06
C462,Aman D. Iyer,48,Female,Kottayam,Kerala,2025-11-27
C463,Harsh D. Reddy,28,Male,Alappuzha,Kerala,2025-05-19
C464,Yash D. Menon,33,Female,Coimbatore,Tamil Nadu,2025-02-07
C465,Rohit D. Krishnan,39,Female,Kolkata,West Bengal,2025-01-19
C466,Ayaan D. Ali,44,Non-binary,Guwahati,Assam,2025-01-09
C467,Kabir D. Kaur,38,Female,Kollam,Kerala,2025-02-25
C468,Dev D. DSouza,22,Female,Ahmedabad,Gujarat,2025-11-18
C469,Manu D. Rao,27,Female,Thiruvananthapuram,Kerala,2025-01-01
C470,Joel D. George,24,Female,Bengaluru,Karnataka,2025-03-23
C471,Alan D. Verma,41,Non-binary,Kochi,Kerala,2025-03-02
C472,Kevin D. Singh,35,Female,Kannur,Kerala,2025-03-12
C473,George D. Thomas,25,Male,Mumbai,Maharashtra,2025-04-19
C474,Jithin D. Kumar,25,Female,Nagpur,Maharashtra,2025-09-28
C475,Sanjay D. Mathew,31,Non-binary,Palakkad,Kerala,2025-07-26
C476,Sreehari D. Mishra,32,Female,Kottayam,Kerala,2025-03-09
C477,Ashwin D. Sharma,26,Female,Alappuzha,Kerala,2025-04-21
C478,Naveen D. Joseph,42,Female,Ranchi,Jharkhand,2025-09-30
C479,Vivek D. Rahman,49,Female,Chandigarh,Chandigarh,2025-05-29
C480,Aravind D. Patel,41,Female,Kochi,Kerala,2025-03-29
C481,Midhun D. Nair,42,Female,Nagpur,Maharashtra,2025-06-16
C482,Roshan D. Das,27,Female,Nagpur,Maharashtra,2025-08-17
C483,Abhishek D. Paul,35,Male,Bhubaneswar,Odisha,2025-02-06
C484,Deepak D. Shah,49,Female,Bengaluru,Karnataka,2025-11-20
C485,Akshay D. Fernandez,43,Female,Lucknow,Uttar Pradesh,2025-05-22
C486,Ajay D. Pillai,23,Female,Chandigarh,Chandigarh,2025-04-27
C487,Pranav D. Nambiar,21,Female,Surat,Gujarat,2025-06-24
C488,Saurav D. Raj,36,Female,Thiruvananthapuram,Kerala,2025-07-06
C489,Suraj D. Bose,18,Female,Chandigarh,Chandigarh,2025-01-25
C490,Vimal D. Khan,45,Female,Visakhapatnam,Andhra Pradesh,2025-04-23
C491,Vineeth D. Varma,31,Female,Coimbatore,Tamil Nadu,2025-12-11
C492,Rakesh D. Iyer,42,Female,Bengaluru,Karnataka,2025-09-05
C493,Suresh D. Reddy,24,Female,Chandigarh,Chandigarh,2025-11-04
C494,Anu D. Menon,36,Female,Surat,Gujarat,2025-07-24
C495,Maria D. Krishnan,20,Male,Hyderabad,Telangana,2025-08-24
C496,Sara D. Ali,19,Female,Mysuru,Karnataka,2025-10-04
C497,Leena D. Kaur,26,Male,Madurai,Tamil Nadu,2025-07-19
C498,Nadia D. DSouza,48,Female,Kochi,Kerala,2025-09-15
C499,Farah D. Rao,40,Female,Ahmedabad,Gujarat,2025-06-04
C500,Ishaan D. George,21,Female,Dehradun,Uttarakhand,2025-09-26
